[
{
    "pk": 1, 
    "model": "outline.web", 
    "fields": {
        "profile": 7, 
        "account": "www.testerweb.com"
    }
},
{
    "pk": 3, 
    "model": "outline.web", 
    "fields": {
        "profile": 2, 
        "account": "www.markcharyk.com"
    }
},
{
    "pk": 6, 
    "model": "outline.web", 
    "fields": {
        "profile": 7, 
        "account": "anothertest.com"
    }
},
{
    "pk": 12, 
    "model": "outline.web", 
    "fields": {
        "profile": 2, 
        "account": "www.github.com/markcharyk"
    }
},
{
    "pk": 14, 
    "model": "outline.web", 
    "fields": {
        "profile": 2, 
        "account": "www.linkedin.com/i/markcharyk"
    }
},
{
    "pk": 1, 
    "model": "outline.entry", 
    "fields": {
        "city": "", 
        "subtitle": "An entry for testing", 
        "description": "", 
        "end_date": null, 
        "title": "Test Entry", 
        "section": 1, 
        "display": "L", 
        "state": "", 
        "contact": "", 
        "start_date": null, 
        "present": null
    }
},
{
    "pk": 2, 
    "model": "outline.entry", 
    "fields": {
        "city": "", 
        "subtitle": "", 
        "description": "", 
        "end_date": null, 
        "title": "Other Entry", 
        "section": 2, 
        "display": "L", 
        "state": "", 
        "contact": "", 
        "start_date": null, 
        "present": null
    }
},
{
    "pk": 3, 
    "model": "outline.entry", 
    "fields": {
        "city": "", 
        "subtitle": "", 
        "description": "I did so much damn coding", 
        "end_date": null, 
        "title": "CodeFellows", 
        "section": 4, 
        "display": "D", 
        "state": "", 
        "contact": "", 
        "start_date": null, 
        "present": null
    }
},
{
    "pk": 4, 
    "model": "outline.entry", 
    "fields": {
        "city": "Evanston", 
        "subtitle": "Such prestige", 
        "description": "I met my wife while I was there", 
        "end_date": null, 
        "title": "Northwestern University", 
        "section": 4, 
        "display": "L", 
        "state": "Illinois", 
        "contact": "", 
        "start_date": null, 
        "present": null
    }
},
{
    "pk": 6, 
    "model": "outline.entry", 
    "fields": {
        "city": "", 
        "subtitle": "Blerg", 
        "description": "", 
        "end_date": null, 
        "title": "Landon IP", 
        "section": 3, 
        "display": "L", 
        "state": "", 
        "contact": "", 
        "start_date": null, 
        "present": null
    }
},
{
    "pk": 7, 
    "model": "outline.entry", 
    "fields": {
        "city": "", 
        "subtitle": "A little better", 
        "description": "", 
        "end_date": null, 
        "title": "Cardinal IP", 
        "section": 3, 
        "display": "L", 
        "state": "", 
        "contact": "", 
        "start_date": null, 
        "present": null
    }
},
{
    "pk": 9, 
    "model": "outline.entry", 
    "fields": {
        "city": "", 
        "subtitle": "", 
        "description": "Registered to practice in front of the USPTO", 
        "end_date": null, 
        "title": "USPTO Registration", 
        "section": 6, 
        "display": "D", 
        "state": "", 
        "contact": "", 
        "start_date": null, 
        "present": null
    }
},
{
    "pk": 10, 
    "model": "outline.entry", 
    "fields": {
        "city": "", 
        "subtitle": "Certification in badassery", 
        "description": "", 
        "end_date": null, 
        "title": "Badass", 
        "section": 6, 
        "display": "L", 
        "state": "", 
        "contact": "", 
        "start_date": null, 
        "present": true
    }
},
{
    "pk": 1, 
    "model": "outline.data", 
    "fields": {
        "text": "Test Data 1", 
        "entry": 1
    }
},
{
    "pk": 2, 
    "model": "outline.data", 
    "fields": {
        "text": "Test Data 2", 
        "entry": 1
    }
},
{
    "pk": 3, 
    "model": "outline.data", 
    "fields": {
        "text": "Test Data 3", 
        "entry": 1
    }
},
{
    "pk": 4, 
    "model": "outline.data", 
    "fields": {
        "text": "Did some patents and stuff", 
        "entry": 6
    }
},
{
    "pk": 5, 
    "model": "outline.data", 
    "fields": {
        "text": "Working remotely", 
        "entry": 6
    }
},
{
    "pk": 6, 
    "model": "outline.data", 
    "fields": {
        "text": "Python", 
        "entry": 3
    }
},
{
    "pk": 7, 
    "model": "outline.data", 
    "fields": {
        "text": "CSS Suxxx", 
        "entry": 3
    }
},
{
    "pk": 9, 
    "model": "outline.data", 
    "fields": {
        "text": "67620", 
        "entry": 9
    }
},
{
    "pk": 10, 
    "model": "outline.data", 
    "fields": {
        "text": "Took a level as well", 
        "entry": 10
    }
},
{
    "pk": 15, 
    "model": "resume_storage.resume_web", 
    "fields": {
        "account": "www.testerweb.com", 
        "resume": 36
    }
},
{
    "pk": 16, 
    "model": "resume_storage.resume_web", 
    "fields": {
        "account": "anothertest.com", 
        "resume": 36
    }
},
{
    "pk": 21, 
    "model": "resume_storage.resume_web", 
    "fields": {
        "account": "www.markcharyk.com", 
        "resume": 40
    }
},
{
    "pk": 22, 
    "model": "resume_storage.resume_web", 
    "fields": {
        "account": "www.github.com/markcharyk", 
        "resume": 40
    }
},
{
    "pk": 23, 
    "model": "resume_storage.resume_web", 
    "fields": {
        "account": "www.markcharyk.com", 
        "resume": 41
    }
},
{
    "pk": 24, 
    "model": "resume_storage.resume_web", 
    "fields": {
        "account": "www.github.com/markcharyk", 
        "resume": 41
    }
},
{
    "pk": 25, 
    "model": "resume_storage.resume_web", 
    "fields": {
        "account": "www.linkedin.com/i/markcharyk", 
        "resume": 41
    }
},
{
    "pk": 26, 
    "model": "resume_storage.resume_web", 
    "fields": {
        "account": "www.markcharyk.com", 
        "resume": 42
    }
},
{
    "pk": 27, 
    "model": "resume_storage.resume_web", 
    "fields": {
        "account": "www.github.com/markcharyk", 
        "resume": 42
    }
},
{
    "pk": 28, 
    "model": "resume_storage.resume_web", 
    "fields": {
        "account": "www.linkedin.com/i/markcharyk", 
        "resume": 42
    }
},
{
    "pk": 33, 
    "model": "resume_storage.saved_section", 
    "fields": {
        "section": 1, 
        "resume": 6
    }
},
{
    "pk": 40, 
    "model": "resume_storage.saved_section", 
    "fields": {
        "section": 1, 
        "resume": 36
    }
},
{
    "pk": 41, 
    "model": "resume_storage.saved_section", 
    "fields": {
        "section": 2, 
        "resume": 36
    }
},
{
    "pk": 63, 
    "model": "resume_storage.saved_section", 
    "fields": {
        "section": 3, 
        "resume": 40
    }
},
{
    "pk": 64, 
    "model": "resume_storage.saved_section", 
    "fields": {
        "section": 4, 
        "resume": 40
    }
},
{
    "pk": 65, 
    "model": "resume_storage.saved_section", 
    "fields": {
        "section": 5, 
        "resume": 40
    }
},
{
    "pk": 66, 
    "model": "resume_storage.saved_section", 
    "fields": {
        "section": 6, 
        "resume": 40
    }
},
{
    "pk": 74, 
    "model": "resume_storage.saved_section", 
    "fields": {
        "section": 3, 
        "resume": 39
    }
},
{
    "pk": 75, 
    "model": "resume_storage.saved_section", 
    "fields": {
        "section": 4, 
        "resume": 39
    }
},
{
    "pk": 76, 
    "model": "resume_storage.saved_section", 
    "fields": {
        "section": 5, 
        "resume": 39
    }
},
{
    "pk": 77, 
    "model": "resume_storage.saved_section", 
    "fields": {
        "section": 6, 
        "resume": 39
    }
},
{
    "pk": 29, 
    "model": "resume_storage.saved_entry", 
    "fields": {
        "entry": 1, 
        "section": 40, 
        "dataset": [
            1, 
            3
        ]
    }
},
{
    "pk": 30, 
    "model": "resume_storage.saved_entry", 
    "fields": {
        "entry": 2, 
        "section": 41, 
        "dataset": []
    }
},
{
    "pk": 60, 
    "model": "resume_storage.saved_entry", 
    "fields": {
        "entry": 6, 
        "section": 63, 
        "dataset": [
            4, 
            5
        ]
    }
},
{
    "pk": 61, 
    "model": "resume_storage.saved_entry", 
    "fields": {
        "entry": 7, 
        "section": 63, 
        "dataset": []
    }
},
{
    "pk": 62, 
    "model": "resume_storage.saved_entry", 
    "fields": {
        "entry": 3, 
        "section": 64, 
        "dataset": [
            6, 
            7
        ]
    }
},
{
    "pk": 63, 
    "model": "resume_storage.saved_entry", 
    "fields": {
        "entry": 4, 
        "section": 64, 
        "dataset": []
    }
},
{
    "pk": 64, 
    "model": "resume_storage.saved_entry", 
    "fields": {
        "entry": 9, 
        "section": 66, 
        "dataset": [
            9
        ]
    }
},
{
    "pk": 65, 
    "model": "resume_storage.saved_entry", 
    "fields": {
        "entry": 10, 
        "section": 66, 
        "dataset": []
    }
},
{
    "pk": 76, 
    "model": "resume_storage.saved_entry", 
    "fields": {
        "entry": 6, 
        "section": 74, 
        "dataset": [
            4, 
            5
        ]
    }
},
{
    "pk": 77, 
    "model": "resume_storage.saved_entry", 
    "fields": {
        "entry": 7, 
        "section": 74, 
        "dataset": []
    }
},
{
    "pk": 78, 
    "model": "resume_storage.saved_entry", 
    "fields": {
        "entry": 3, 
        "section": 75, 
        "dataset": [
            6, 
            7
        ]
    }
},
{
    "pk": 79, 
    "model": "resume_storage.saved_entry", 
    "fields": {
        "entry": 4, 
        "section": 75, 
        "dataset": []
    }
},
{
    "pk": 80, 
    "model": "resume_storage.saved_entry", 
    "fields": {
        "entry": 9, 
        "section": 77, 
        "dataset": [
            9
        ]
    }
},
{
    "pk": 81, 
    "model": "resume_storage.saved_entry", 
    "fields": {
        "entry": 10, 
        "section": 77, 
        "dataset": []
    }
},
{
    "pk": 1, 
    "model": "auth.group", 
    "fields": {
        "name": "Activated", 
        "permissions": []
    }
},
{
    "pk": 1, 
    "model": "auth.user", 
    "fields": {
        "username": "admin", 
        "first_name": "", 
        "last_name": "", 
        "is_active": true, 
        "is_superuser": true, 
        "is_staff": true, 
        "last_login": "2014-04-04T04:09:25.647", 
        "groups": [], 
        "user_permissions": [], 
        "password": "pbkdf2_sha256$12000$OqO4ArmljJiP$4CJfpuIhevQfykXWXRRuDW6LlHYlGmR5R4k96b9Jo6s=", 
        "email": "markcharyk@gmail.com", 
        "date_joined": "2014-03-31T21:32:07.787"
    }
},
{
    "pk": 2, 
    "model": "auth.user", 
    "fields": {
        "username": "mark", 
        "first_name": "", 
        "last_name": "", 
        "is_active": true, 
        "is_superuser": false, 
        "is_staff": false, 
        "last_login": "2014-04-01T21:40:05.953", 
        "groups": [], 
        "user_permissions": [], 
        "password": "pbkdf2_sha256$12000$ik2eWUscekJT$mV0bLPqYvcFLeeRVucxX1I6xmEMCBLFDWvgV3DhhTo8=", 
        "email": "markcharyk@gmail.com", 
        "date_joined": "2014-04-01T01:59:31.138"
    }
},
{
    "pk": 3, 
    "model": "auth.user", 
    "fields": {
        "username": "justin", 
        "first_name": "", 
        "last_name": "", 
        "is_active": true, 
        "is_superuser": false, 
        "is_staff": false, 
        "last_login": "2014-04-01T22:11:22.180", 
        "groups": [], 
        "user_permissions": [], 
        "password": "pbkdf2_sha256$12000$kZaPASbOiAl7$NNYphUENWEZKyZCBBofP8c7n+wFnL46pq1KFZVoD7ic=", 
        "email": "testtest@test.test", 
        "date_joined": "2014-04-01T22:08:12.611"
    }
},
{
    "pk": 7, 
    "model": "auth.user", 
    "fields": {
        "username": "tester", 
        "first_name": "", 
        "last_name": "", 
        "is_active": true, 
        "is_superuser": false, 
        "is_staff": false, 
        "last_login": "2014-04-04T03:51:56.070", 
        "groups": [
            1
        ], 
        "user_permissions": [], 
        "password": "pbkdf2_sha256$12000$AOMOGdRHoc5H$ARagFZvFRL1Dr69jX4+sYpU3LeSSr09HjQiBrZWajV4=", 
        "email": "test@testytest.com", 
        "date_joined": "2014-04-02T01:51:09.444"
    }
},
{
    "pk": 8, 
    "model": "auth.user", 
    "fields": {
        "username": "tester2", 
        "first_name": "", 
        "last_name": "", 
        "is_active": true, 
        "is_superuser": false, 
        "is_staff": false, 
        "last_login": "2014-04-03T15:59:35.609", 
        "groups": [
            1
        ], 
        "user_permissions": [], 
        "password": "pbkdf2_sha256$12000$tZamzGhK8wcO$pNaq/AYGX6etXXGpyDx6T/lSpR9Pz1Slkf/ihB8j2ho=", 
        "email": "test@testytest.com", 
        "date_joined": "2014-04-03T15:59:15.294"
    }
},
{
    "pk": 2, 
    "model": "outline.profile", 
    "fields": {
        "city": "Seattle", 
        "first_name": "Mark", 
        "last_name": "Charyk", 
        "middle_name": "Joseph", 
        "address1": "4040 26th Ave SW", 
        "address2": "105", 
        "fax": "", 
        "zipcode": "98106", 
        "cell": "(509) 499-6577", 
        "state": "Washington", 
        "user": 1, 
        "home": "(509) 499-6577", 
        "region": "Greater Seatle", 
        "email": "markcharyk@gmail.com"
    }
},
{
    "pk": 7, 
    "model": "outline.profile", 
    "fields": {
        "city": "", 
        "first_name": "tester", 
        "last_name": "Testerman", 
        "middle_name": "middle", 
        "address1": "This should be here", 
        "address2": "Hi", 
        "fax": "", 
        "zipcode": "77777", 
        "cell": "", 
        "state": "", 
        "user": 7, 
        "home": "", 
        "region": "", 
        "email": "test@testytest.com"
    }
},
{
    "pk": 8, 
    "model": "outline.profile", 
    "fields": {
        "city": "", 
        "first_name": "tester2", 
        "last_name": "LastName", 
        "middle_name": "", 
        "address1": "", 
        "address2": "", 
        "fax": "", 
        "zipcode": "", 
        "cell": "", 
        "state": "", 
        "user": 8, 
        "home": "", 
        "region": "", 
        "email": "test@testytest.com"
    }
},
{
    "pk": 1, 
    "model": "outline.section", 
    "fields": {
        "user": 7, 
        "description": "A section for testing of stuff", 
        "title": "Test Section"
    }
},
{
    "pk": 2, 
    "model": "outline.section", 
    "fields": {
        "user": 7, 
        "description": "Another section for testing", 
        "title": "Other Section"
    }
},
{
    "pk": 3, 
    "model": "outline.section", 
    "fields": {
        "user": 1, 
        "description": "Some jobs I did", 
        "title": "Work Experience"
    }
},
{
    "pk": 4, 
    "model": "outline.section", 
    "fields": {
        "user": 1, 
        "description": "Some schooling I did", 
        "title": "Education"
    }
},
{
    "pk": 5, 
    "model": "outline.section", 
    "fields": {
        "user": 1, 
        "description": "Stuff I'm relatively good at", 
        "title": "Skills"
    }
},
{
    "pk": 6, 
    "model": "outline.section", 
    "fields": {
        "user": 1, 
        "description": "", 
        "title": "Certifications"
    }
},
{
    "pk": 6, 
    "model": "resume_storage.resume", 
    "fields": {
        "city": "Somewhere", 
        "first_name": "Test", 
        "last_name": "Er", 
        "middle_name": "", 
        "title": "TestResume", 
        "address1": "", 
        "address2": "", 
        "fax": "", 
        "zipcode": "98106", 
        "cell": "", 
        "state": "", 
        "user": 7, 
        "home": "", 
        "region": "", 
        "email": "test@testytest.com"
    }
},
{
    "pk": 36, 
    "model": "resume_storage.resume", 
    "fields": {
        "city": "", 
        "first_name": "tester", 
        "last_name": "Testerman", 
        "middle_name": "middle", 
        "title": "New Resume", 
        "address1": "This should be here", 
        "address2": "Hi", 
        "fax": "", 
        "zipcode": "77777", 
        "cell": "", 
        "state": "", 
        "user": 7, 
        "home": "", 
        "region": "", 
        "email": "test@testytest.com"
    }
},
{
    "pk": 39, 
    "model": "resume_storage.resume", 
    "fields": {
        "city": "", 
        "first_name": "Mark", 
        "last_name": "Charyk", 
        "middle_name": "", 
        "title": "New Resume", 
        "address1": "", 
        "address2": "", 
        "fax": "", 
        "zipcode": "", 
        "cell": "", 
        "state": "", 
        "user": 1, 
        "home": "", 
        "region": "", 
        "email": ""
    }
},
{
    "pk": 40, 
    "model": "resume_storage.resume", 
    "fields": {
        "city": "Seattle", 
        "first_name": "Mark", 
        "last_name": "Charyk", 
        "middle_name": "Joseph", 
        "title": "New Resume", 
        "address1": "4040 26th Ave SW", 
        "address2": "105", 
        "fax": "", 
        "zipcode": "98106", 
        "cell": "(509) 499-6577", 
        "state": "Washington", 
        "user": 1, 
        "home": "(509) 499-6577", 
        "region": "Greater Seatle", 
        "email": "markcharyk@gmail.com"
    }
},
{
    "pk": 41, 
    "model": "resume_storage.resume", 
    "fields": {
        "city": "Seattle", 
        "first_name": "Mark", 
        "last_name": "Charyk", 
        "middle_name": "Joseph", 
        "title": "New Resume", 
        "address1": "4040 26th Ave SW", 
        "address2": "105", 
        "fax": "", 
        "zipcode": "98106", 
        "cell": "(509) 499-6577", 
        "state": "Washington", 
        "user": 1, 
        "home": "(509) 499-6577", 
        "region": "Greater Seatle", 
        "email": "markcharyk@gmail.com"
    }
},
{
    "pk": 42, 
    "model": "resume_storage.resume", 
    "fields": {
        "city": "Seattle", 
        "first_name": "Mark", 
        "last_name": "Charyk", 
        "middle_name": "Joseph", 
        "title": "New Resume", 
        "address1": "4040 26th Ave SW", 
        "address2": "105", 
        "fax": "", 
        "zipcode": "98106", 
        "cell": "(509) 499-6577", 
        "state": "Washington", 
        "user": 1, 
        "home": "(509) 499-6577", 
        "region": "Greater Seatle", 
        "email": "markcharyk@gmail.com"
    }
}
]
